num1,num2,num3,num4,raw_output,expression,valid
2,4,6,7,"Let’s reason step by step.

**Step 1:**  
The numbers are 2, 4, 6, 7.  
24 is larger than all of them individually.  
6 is a quarter of 24 (24 ÷ 6 = 4), so 6 could be used in scaling or as a base.  
4 is one sixth of 24 (24 ÷ 4 = 6), so 4 could serve as a multiplier or divisor in relation to 6.  
2 is one twelfth of 24, which suggests it might be used to halve or double other numbers to reach intermediate values.  
7 is close to 6 and 8, but 8 is 24 ÷ 3, so 7 is slightly less than 8, suggesting it might be used in a sum or difference to adjust toward a multiple of 24.

**Step 2:**  
6 × 4 = 24 directly, but we must use all four numbers.  
Thus, 2 and 7 must be incorporated in a way that cancels their effect or adjusts the product to still yield 24.  
One way is to make 2 and 7 combine into 1 (7 − 6 = 1, but 6 is already used; or 7 − 2 = 5, not 1).  
Alternatively, 7 − 2 = 5, not useful for 24 directly, but 7 + 2 = 9, which could be used with 4 and 6 in division or multiplication.

**Step 3:**  
If we take 6 and 4, their product is 24, so if we multiply by (7 − 6) we get zero — not good.  
But if we take 6 ÷ (7 − 5) = 6 ÷ 2 = 3, that’s promising — but 5 is not available directly.  
We can get 5 from 7 − 2. Then 6 ÷ (7 − 2) = 6 ÷ 5, not helpful.  
What if we do (6 ÷ (7 − 5)) × 4 = (6 ÷ 2) × 4 = 3 × 4 = 12 — not 24.  

Alternatively: 6 × (7 − (4 − 2)) = 6 × (7 − 2) = 6 × 5 = 30 — too large.  

**Step 4:**  
Another approach: 7 + 2 = 9, 9 × 4 = 36, 36 − 6 = 30 — not 24.  
But 7 + 5 = 12, 12 × 2 = 24 — but 5 is not given.  
We can get 5 from 7 − 2? That’s 5, but then 5 + 7 = 12 — uses 7 twice, invalid.  

Better: (7 + 5) × 2 = 24, but 5 = 4 + (6 ÷ 6) — but that reuses 6.  
Actually: 6 ÷ 6 = 1, 4 + 1 = 5, then 7 + 5 = 12, 12 × 2 = 24.  
That uses 6 twice — invalid.  

But we can get 5 without reusing numbers: 7 − 2 = 5, then 5 + 4 = 9 — not 12.  

But 6 ÷ (7 − 5) = 3, not helping.  

Wait — known solution: (7 × 4) − (6 − 2) = 28 − 4 = 24.  
Check: 7 × 4 = 28, 6 − 2 = 4, 28 − 4 = 24. Uses all numbers once.  

**Step 5:**  
This works: 28 is 4 more than 24, and 6 − 2 = 4 exactly removes that excess.  
So 7 and 4 give the major product close to 24, and 6 and 2 provide the small adjustment downward.

---

**Answer:** (7 × 4) − (6 − 2) = 24",(7 * 4) - (6 - 2) = 24,True
2,5,10,10,"Let’s reason through the numbers 2, 5, 10, 10.

- The number 10 is slightly less than half of 24, so two 10’s together reach 20, which is near 24.  
- The number 5 is about one-fifth of 24, but more importantly, 10 ÷ 5 = 2, which suggests a scaling relation between 10 and 5.  
- The number 2 is small but can be used to adjust 10, since 10 + 2 = 12, which is exactly half of 24.  
- If we take 10 ÷ 5 = 2, then 10 + 2 = 12, and 12 × 2 = 24 — but that uses 10, 5, 10, 2, which are all available.  

This leads to:  
(10 ÷ 5 + 10) × 2 = (2 + 10) × 2 = 12 × 2 = 24.

Answer: (10 ÷ 5 + 10) × 2 = 24",(10 / 5 + 10) * 2 = 24,True
6,6,7,12,"Let’s reason through the numbers: 6, 6, 7, 12.

Step 1: The number 12 is exactly half of 24, so it can serve as a base for doubling.  
Step 2: The two 6’s are each one quarter of 24, and 6 is also 12 ÷ 2, so they can adjust the scale.  
Step 3: The number 7 is slightly larger than 6, so the difference (7 − 6) is small and could act as a neutral element or fine adjustment.  
Step 4: The relation between 12 and (7 − 6) suggests that multiplying 12 by 2 yields 24, and (7 − 6) provides that factor of 1, but we need to incorporate the 6’s.  
Step 5: Alternatively, 6 × (12 − 7) = 6 × 5 = 30, which overshoots 24 by 6, and the remaining 6 can adjust that back to 24.  

This leads to:  
6 × (12 − 7) = 30, then 30 − 6 = 24.

Answer: 6 × (12 − 7) − 6 = 24",6 * (12 - 7) - 6 = 24,True
6,9,9,11,"Let’s think through the numbers 6, 9, 9, 11.

Step 1: The largest number is 11, which is slightly less than half of 24, so it might serve as a base from which to build upward.  
Step 2: The number 6 is exactly one quarter of 24, suggesting it could be used for multiplicative scaling if combined appropriately.  
Step 3: The two 9s are both three quarters of 24 when considered fractionally (since 24 × 3/4 = 18), so together they sum to 18, which is 6 less than 24.  
Step 4: The difference between 11 and 9 is 2, which could be used with 6 to reach 12, or with 12 to reach 24. Alternatively, 11 + 9 = 20, which is 4 short of 24, and 4 can be obtained from 9 − 6 + (the other 9’s role).  
Step 5: A known solution path is to take 11 + 9 = 20, then add (9 − 6) = 3, and then add 1 more from somewhere — but that doesn’t fit. Instead, 11 + 13 reaches 24, and 13 can be made from 9 + 4, but 4 is not directly available.  
Step 6: Another path: 6 / (11 − 9) = 3, then 3 × (the other 9) = 27, then 27 − (something) = 24 — but we only have one 9 left, so 27 − 3 = 24, but we already used the 6 and one 9 and the 11.  
Step 7: Check: (6 / (11 − 9)) × 9 = 3 × 9 = 27, then 27 − 3? No, but we can do 27 − (11 − 9)?? That’s 27 − 2 = 25, not 24.  
Step 8: Actually, the known solution is: (6 / (11 − 9)) × 9 = 27, then 27 − (11 − 9) / … hmm, that’s messy.  
Step 9: Simpler: 11 + 9 + 9 − 6 = 23, no.  
Step 10: But 11 × 9 = 99, 99 / 9 = 11, no.  
Step 11: Another: 9 + 9 + 6 = 24, but then 11 unused.  
Step 12: Try (11 + 9) × (9 − 6) / … no.  
Step 13: Known working: 9 + 9 + 6 = 24, but 11 unused — invalid.  
Step 14: The actual classic solution: (11 + 9) × 9 / 6? No, 20 × 9 / 6 = 180 / 6 = 30, not 24.  
Step 15: Let’s test: 6 × (11 − 9) = 12, then 12 + 9 + (other 9)? That’s 30 again.  
Step 16: But 9 / (11 − 9) = 4.5, times 6 = 27, minus 3? No.  
Step 17: Actually: 9 × (11 − 6) = 9 × 5 = 45, 45 / 9 = 5, no.  
Step 18: Let’s check: (9 + 9) × (11 − 6) / … no.  
Step 19: Known answer: (6 × 9) + 9 − 11? 54 + 9 − 11 = 52, no.  
Step 20: Try 11 − (9 / 9) = 10, 10 × 6 / … no.  
Step 21: Actually: 9 / 9 = 1, 11 + 1 = 12, 12 × (6 / something) — but 6 / 3 = 2, 12 × 2 = 24, but 3 not available.  
Step 22: But 6 / (11 − 9) = 3, then (9 / 9) + 3 = 4, then 6 × 4 = 24 — but that uses 6 twice.  
Step 23: Let’s assign carefully:  
Take 11 − 9 = 2, then 6 / 2 = 3, then 9 + 3 = 12, then 12 × (9 − 7) — but 7 not available.  
Step 24: Known working: (11 × 9 + 9) / (6 / …) hmm.  
Step 25: Actually: (11 + 9) + (9 − 6) = 23, no.  
Step 26: Let’s recall: 24 = 6 × 4, and 4 = (9 + 9 − 11 + …) hmm 9 + 9 − 11 = 7, no.  
Step 27: Another: 24 = 8 × 3, and 8 = 9 − (11 − 9)?? 9 − 2 = 7, no.  
Step 28: Known solution: (9 × 11 − 9) / (6 − 3) — but 3 not available.  
Step 29: Let’s test: 9 × 11 = 99, 99 − 9 = 90, 90 / (6 − 1.5) — no.  
Step 30: Actually: (9 + 9) × (11 − 6) / … no.  
Step 31: Let’s check: 6 / (11 − 9) = 3, then 3 × 11 = 33, 33 − 9 = 24 — yes! Uses 6, 11, 9, 9 exactly once:  
(6 / (11 − 9)) × 11 − 9  
= (6 / 2) × 11 − 9  
= 3 × 11 − 9  
= 33 − 9  
= 24.  

Answer: (6 / (11 − 9)) × 11 − 9 = 24",(6 * 9) + 9 - 11 = 24,False
5,8,11,12,"Let’s reason through this step by step.  

**Step 1:**  
The numbers are 5, 8, 11, 12.  
- 12 is exactly half of 24, so it naturally fits as a base to double.  
- 8 is one third of 24 (since 24 ÷ 8 = 3), so it could be scaled by 3 to reach 24.  
- 11 is close to 12, suggesting a small adjustment might be involved.  
- 5 is relatively small and could serve as a difference or additive adjustment.  

**Step 2:**  
Looking at 12 and 8: 12 × 2 = 24, but we don’t have a spare 2.  
We could get 2 from 11 and 9, but 9 is not present.  
We could get 3 from 11 and 8 (11 − 8 = 3), which is promising because 8 × 3 = 24.  

**Step 3:**  
If we use 8 × (11 − 5), that gives 8 × 6 = 48, which is double 24.  
We could then divide by 2, but we don’t have 2 directly.  
However, we have 12, which is 24 ÷ 2, so maybe 12 can be used to halve something.  

**Step 4:**  
Alternatively: 12 + 11 + (8 − 5) = 12 + 11 + 3 = 26, too small to scale to 24? No, that’s 26, not 24.  
But 12 + 11 = 23, and 8 − 5 = 3, so 23 + 3 = 26, not useful.  

**Step 5:**  
Try: (12 − 8) = 4, then 4 × (11 − 5) = 4 × 6 = 24.  
Yes — that uses all numbers exactly once: 12, 8, 11, 5.  

**Step 6:**  
Check: (12 − 8) × (11 − 5) = 4 × 6 = 24.  

This works cleanly.  

Answer: (12 − 8) × (11 − 5) = 24",(12 - 8) * (11 - 5) = 24,True
5,6,8,10,"Let’s reason through the numbers 5, 6, 8, 10.

Step 1: The largest number is 10, which is less than 24 but a divisor of 240 (24 × 10). 8 is one third of 24, since 24 ÷ 8 = 3.  
Step 2: 6 is one quarter of 24, since 24 ÷ 6 = 4, and 5 is close to 6, suggesting a small adjustment role.  
Step 3: The pair (8, 5) gives a difference of 3, which is a factor in 24 (24 = 8 × 3).  
Step 4: 10 and 6 have a ratio close to 5/3, but 10 ÷ 5 = 2, which is another small factor.  
Step 5: If we take 8 × (10 − 5) = 8 × 5 = 40, too large; but 40 − 16 = 24, and 16 is 6 + 10? No, 6 + 10 = 16, but we’d need to reuse numbers. Alternatively, 8 ÷ (10 − 8) = 4, but 10 − 8 = 2 uses 8 twice? Not allowed.  
Step 6: Another path: 6 × 8 = 48, which is double 24; 48 ÷ 2 = 24, and 10 ÷ 5 = 2. That fits: (6 × 8) ÷ (10 ÷ 5) = 48 ÷ 2 = 24.

Answer: (6 × 8) ÷ (10 ÷ 5) = 24",(6 * 8) / (10 / 5) = 24,True
6,11,12,13,"Let’s reason through the numbers 6, 11, 12, 13.

Step 1: The number 12 is exactly half of 24, suggesting it can serve as a base for scaling by 2.  
Step 2: The number 6 is one quarter of 24, and also a divisor of 12, so it could be used for multiplicative adjustments.  
Step 3: The numbers 11 and 13 are close to 12, differing by ±1. Their difference is 2, which is useful for reaching 24 when combined with 12.  
Step 4: The relation (13 − 11) yields 2, and 12 × 2 = 24, but that uses only three numbers. The remaining number 6 could be neutralized by multiplying by 1, which can be formed from (13 − 12) or (12 − 11), but that would change the 2 we need.  
Step 5: Alternatively, 13 + 11 = 24, but then 6 and 12 remain. To incorporate them without changing the total, we could use them to form a zero or one. For example, 12 ÷ 6 = 2, and 13 + 11 = 24 already, so we need to multiply by 1: (13 + 11) × (12 ÷ 12) would work, but that wastes the 6.  
Step 6: Another path: 12 × (13 − 11) = 24, and then incorporate 6 as (6 ÷ 6) = 1, but that uses 6 twice. Since we must use each number once, we can instead do:  
(13 + 11) = 24, and then multiply by (12 ÷ 12) = 1, but that doesn’t use 6.  
Step 7: To use all four: 13 + 11 = 24, and 12 ÷ 6 = 2, so we can do (13 + 11) × (12 ÷ 12) — no, that still ignores 6.  
Step 8: Let’s try: (12 ÷ (13 − 11)) × 6 = (12 ÷ 2) × 6 = 6 × 6 = 36, not 24.  
Step 9: But 12 × (13 − 11) = 24 already, so we must incorporate 6 without changing the product. We can multiply by (6 ÷ 6) = 1:  
[12 × (13 − 11)] × (6 ÷ 6) = 24 × 1 = 24.  
This uses each number exactly once.

Answer: (12 × (13 − 11)) × (6 ÷ 6) = 24",(12 * (13 - 11)) * (6 / 6) = 24,False
2,2,8,8,"Let’s reason step by step.

**Step 1:**  
The numbers are 2, 2, 8, 8.  
24 is larger than 8, but 8 is one third of 24 (since 24 ÷ 8 = 3).  
Two 8’s sum to 16, which is 8 less than 24.  
Two 2’s sum to 4, which is one sixth of 24.  

**Step 2:**  
The 8’s can be seen as base components for scaling or summing toward 24.  
The 2’s could serve as adjustments or multipliers.  
Since 8 × 3 = 24, and we have two 8’s and two 2’s, perhaps the 2’s can be used to create the factor 3.  

**Step 3:**  
One 8 plus one 2 is 10, not directly helpful; but 8 divided by 2 is 4, which is closer to a building block for 24.  
If we take 8 ÷ (2 + 2) = 8 ÷ 4 = 2, that seems too small.  
Alternatively, 8 × 8 = 64, which is far too large, but if divided by something close to 8/3, it could yield 24.  

**Step 4:**  
Known solution pattern: (8 × 8 − 8) ÷ 2 = (64 − 8) ÷ 2 = 56 ÷ 2 = 28 (not 24).  
Another known: (8 + 8) + (8 ÷ 2) = 16 + 4 = 20 (not 24).  
But 8 + 8 + 8 = 24, but we only have two 8’s.  
So maybe 8 × (2 + 2 ÷ 2) = 8 × (2 + 1) = 8 × 3 = 24 — but that uses only one 8 and both 2’s, leaving one 8 unused.  
So that’s invalid.  

We need to use all four numbers.  
Another approach: 8 ÷ 2 = 4, then 8 − 2 = 6, then 4 × 6 = 24 — but that uses three numbers (8, 2, 8, 2) in that order: (8 ÷ 2) × (8 − 2) = 4 × 6 = 24. Yes, that uses both 8’s and both 2’s exactly once.  

**Step 5:**  
This fits:  
- First 8 and first 2 give scaling factor 4.  
- Second 8 and second 2 give 6.  
- Their product is 24.  

Answer: (8 ÷ 2) × (8 − 2) = 24",(8 / 2) * (8 - 2) = 24,True
2,7,12,13,"Step 1: The number 12 is half of 24, so it provides a strong base for scaling.  
Step 2: The number 13 is slightly larger than 12, and the number 7 is slightly smaller than half of 12, suggesting that their combination may adjust the total.  
Step 3: The number 2 is a small even divisor that can help transform differences into factors.  
Step 4: The difference between 13 and 7 is 6, which when multiplied by 2 gives 12; this 12 can then be added to the original 12 to reach 24.  

Answer: (13 - 7) * 2 + 12 = 24",(13 - 7) * 2 + 12 = 24,True
2,6,8,12,"Step 1: The number 12 is half of 24, making it a strong base for scaling.  
Step 2: The number 8 is one third of 24, and 6 is one quarter of 24, so both can serve as divisors or multipliers in relation to 12.  
Step 3: The number 2 is a small even factor that can adjust the product of larger numbers toward 24.  
Step 4: The proximity of 6 and 8 to each other suggests their difference (2) could be used to fine-tune the expression, but here a simpler multiplicative relation exists: 12 × 2 = 24, and 8 − 6 = 2, which can be used to preserve the target value.  

Answer: 12 × (8 − 6) × 2 = 24",12 * (8 - 6) * 2 = 24,False
